user_id,username,email,password,role,create_at,last_login,status
1,adalgetty0,awaldie0@spiegel.de,nK6!7vBUN,Supervisor,10/9/2024,3/24/2025,
2,tjamary1,dcherrie1@storify.com,"yK5%nS>`YQ(HpM,",Construction Manager,2/11/2025,12/29/2024,
3,yfranzonello2,nsawdy2@about.me,oL0>J*'P,Electrician,10/12/2024,6/6/2024,
4,rbernardos3,rskiggs3@etsy.com,zA5+mec<9ZSV,Project Manager,2/17/2025,2/2/2025,
5,ahallt4,rstiles4@spiegel.de,bK7{PiRt_\8PG8,Supervisor,7/3/2024,7/14/2024,
6,ntothe5,switch5@wsj.com,mF0~}norFGb,Surveyor,12/20/2024,9/12/2024,
7,tfurmage6,dmelton6@ted.com,"wD1!2W|*8o0""QL",Supervisor,2/13/2025,3/8/2025,
8,gbattams7,dokey7@delicious.com,aG3(j?%8|T\r+5G,Electrician,7/5/2024,1/21/2025,
9,awoolfoot8,nhaughin8@ucoz.ru,"lQ4""F&c_k6Z`",Construction Worker,8/9/2024,8/26/2024,
10,cduetsche9,rlurriman9@hc360.com,fA6%szN?LUwob,Surveyor,11/6/2024,11/5/2024,
11,fbostona,lbyasa@blogtalkradio.com,cD9@I>pBy7rsG,Engineer,6/13/2024,6/8/2024,
12,mghostb,rhadigateb@bing.com,nC3#~Ft5AQ$,Construction Expeditor,1/19/2025,6/6/2024,
13,smacparlanc,sdenisetc@sciencedaily.com,dO3+6~g8,Surveyor,4/13/2025,7/13/2024,
14,lshimmansd,rmaskalld@utexas.edu,rI4?v.Np,Supervisor,4/21/2024,2/3/2025,
15,ldannohle,jbensusane@baidu.com,iT2=g9q{LDhK,Engineer,7/10/2024,4/21/2024,
16,msaltwellf,jbeallf@spiegel.de,zY6(r/l.1m='kQ9,Construction Worker,10/3/2024,5/21/2024,
17,amorralleeg,adranceg@businesswire.com,vI6%'rY~jaKm|,Subcontractor,8/25/2024,7/18/2024,
18,bbilsonh,toswickh@tinyurl.com,mC2>i%e+79Cc,Construction Foreman,8/6/2024,8/24/2024,
19,aetchellsi,ucappelli@berkeley.edu,sL2.x{VG.QQO?a,Construction Worker,4/19/2024,2/26/2025,
20,lbehaggj,cvalerioj@newyorker.com,aA0!KhT|D,Supervisor,3/16/2025,10/14/2024,
21,rmapplesk,gceaserk@freewebs.com,nD4$=CfH,Estimator,10/20/2024,1/15/2025,
22,vgodlemanl,carrowl@yale.edu,zL9{HZH8}CsgpiB1,Electrician,3/10/2025,8/5/2024,
23,lpellantm,cgawnm@51.la,kN8|Jgz$,Construction Manager,3/21/2025,12/29/2024,
24,gkiten,ebrittonn@istockphoto.com,"mD4~,X%d_",Surveyor,12/17/2024,4/17/2024,
25,kemanuelo,gbamletto@smh.com.au,nC8#@d_jhHk,Project Manager,5/27/2024,4/14/2025,
26,mdunkleep,flonderp@wix.com,oL3_`zE*6L,Architect,1/27/2025,8/16/2024,
27,shealq,cmacalpinq@google.pl,aO8'L/.ba!,Construction Foreman,8/4/2024,10/24/2024,
28,aingamellsr,cinkerr@netscape.com,mY4`qyej43!N\,Supervisor,1/9/2025,1/24/2025,
29,lmapstones,ahatliffs@mtv.com,bP4(zEuEVRjd2i$X,Surveyor,1/20/2025,12/31/2024,
30,ehefferont,rgarmst@ucoz.ru,qX8_9}os_DhfqJ6,Construction Expeditor,1/30/2025,9/11/2024,
31,cheddyu,eegleseu@wikispaces.com,dO9%JKN}M9H(,Engineer,10/11/2024,8/23/2024,
32,dlydallv,nbracknallv@webmd.com,dH3>sZ*6#gN!=h,Construction Expeditor,9/16/2024,9/20/2024,
33,tfaraharw,bjocicw@walmart.com,eO5}~jF2+G3f5(v,Electrician,12/3/2024,1/25/2025,
34,edytex,rscarthx@yandex.ru,oN7.db%OC!URE&,Estimator,1/7/2025,3/22/2025,
35,halekhovy,comearay@dailymail.co.uk,lA4=s@P67`K,Construction Manager,2/18/2025,7/9/2024,
36,mbestmanz,dburnistonz@chron.com,"lG9@r#,me",Electrician,10/25/2024,5/31/2024,
37,mmessham10,nivanshintsev10@weebly.com,vT2+l}_J,Estimator,3/14/2025,3/25/2025,
38,rfantonetti11,rcowdrey11@g.co,bV3#QG.Q+jJ?H?>H,Architect,2/11/2025,6/6/2024,
39,rmccarrick12,bellins12@mail.ru,xT6{/rm68gKSM)H,Electrician,3/30/2025,3/1/2025,
40,jmeni13,mlowson13@nps.gov,lT0>RCk*PEg,Electrician,7/17/2024,4/19/2024,
41,kmccreagh14,atownsend14@latimes.com,kU5/#GqE,Construction Worker,10/20/2024,10/7/2024,
42,rsivyer15,cpleasance15@webs.com,aC6}mmb/,Estimator,2/17/2025,12/18/2024,
43,lburgoin16,mcuschieri16@businesswire.com,gR2{?JXh7OWw,Supervisor,7/28/2024,3/6/2025,
44,prosenhaus17,vseldner17@yandex.ru,"dF0/$i0?*9Z""bA",Construction Manager,3/7/2025,12/16/2024,
45,bjoris18,chovel18@infoseek.co.jp,dX4'_qp`t8`JBn,Surveyor,3/11/2025,7/17/2024,
46,pmold19,kbrimblecombe19@ask.com,vI5/rxrWv>!,Architect,9/19/2024,9/9/2024,
47,mlown1a,gyeates1a@army.mil,fR2}1Y.{Aq'AfRmk,Construction Foreman,8/9/2024,6/7/2024,
48,rcordon1b,dyedy1b@dedecms.com,"iT3$<.,mi",Electrician,5/12/2024,8/9/2024,
49,tcaplis1c,tbethell1c@ameblo.jp,tU8'%}*_fEEnqBY7,Surveyor,7/26/2024,4/6/2025,
50,ccullip1d,kludmann1d@topsy.com,dT8%6o!Dh.,Construction Foreman,12/20/2024,10/14/2024,
51,tsouthern1e,lbottell1e@dyndns.org,"yW3,RBK8~Cy_$=w",Surveyor,10/3/2024,1/26/2025,
52,tpetri1f,dlothlorien1f@fda.gov,"oS2!'/fGYyk,*",Engineer,2/25/2025,1/10/2025,
53,nsmullin1g,sfawlks1g@ftc.gov,bO1?}}/dgUa%f,Architect,6/9/2024,5/27/2024,
54,bcartmale1h,hputtan1h@friendfeed.com,rY5)}kO`5,Supervisor,5/29/2024,5/2/2024,
55,jcleft1i,mfrantzen1i@about.me,zT9{R=PbqI3l5,Subcontractor,4/16/2025,10/2/2024,
56,bhelin1j,amattes1j@icio.us,kD4@1$0!dq4z*},Electrician,5/30/2024,4/7/2025,
57,ddiaper1k,cdillicate1k@dropbox.com,lD7'GmjWw<x,Supervisor,9/8/2024,2/20/2025,
58,ebernette1l,sjones1l@kickstarter.com,bS3?ZPUJv<,Engineer,9/7/2024,1/12/2025,
59,hbullers1m,emccerery1m@odnoklassniki.ru,zE0>*vCeT,Project Manager,6/22/2024,11/2/2024,
60,mciccoloi1n,msokell1n@vkontakte.ru,uH7=#|9O(BGeqlm,Project Manager,1/21/2025,5/21/2024,
61,cjecks1o,nblanque1o@ebay.com,"eG9<!+#g1,~+l",Surveyor,5/1/2024,3/20/2025,
62,smeddemmen1p,mbroadberrie1p@sourceforge.net,qG5@84VSGa/P!,Subcontractor,12/9/2024,5/7/2024,
63,epowers1q,eaggiss1q@howstuffworks.com,"kQ1""`_r~MP1\3",Supervisor,1/30/2025,11/8/2024,
64,anetting1r,erastrick1r@wunderground.com,vD3>7!VT,Subcontractor,11/1/2024,7/12/2024,
65,mzapater1s,zalleyn1s@macromedia.com,dN1/bR@?T$r%B,Estimator,1/23/2025,6/9/2024,
66,mbottleson1t,gdurnford1t@about.me,yM4'.zuKh5CZl50,Construction Worker,12/18/2024,2/19/2025,
67,plitchmore1u,rdanielou1u@cmu.edu,"uT8+@,$oL3{",Construction Foreman,8/25/2024,3/13/2025,
68,rrubery1v,obrissenden1v@jiathis.com,hL0(z*(rRS1,Supervisor,1/21/2025,5/4/2024,
69,bbowkley1w,lmcmanamen1w@google.co.jp,bZ3+2`g\gA,Supervisor,9/5/2024,11/8/2024,
70,fderuggero1x,gdreschler1x@histats.com,dS8<eGAMqk&k,Construction Worker,12/11/2024,1/23/2025,
71,tcortes1y,ilidgertwood1y@vinaora.com,tS7{5yU{2GDi,Engineer,8/19/2024,10/25/2024,
72,ttimmins1z,tfawcitt1z@indiegogo.com,lK4>|E`P,Subcontractor,5/27/2024,5/4/2024,
73,doconnolly20,etiery20@slashdot.org,"dQ5\iC>,BY",Subcontractor,3/8/2025,2/3/2025,
74,dbugbee21,tmariner21@google.com.br,"fM2+%|3!""rQF2<1K",Construction Expeditor,8/16/2024,2/15/2025,
75,pberthelmot22,mbarrus22@wikimedia.org,iY8/VZu*dlo%9K,Supervisor,3/27/2025,12/7/2024,
76,dklagge23,rtimoney23@businessweek.com,aF9/kJefZIN<},Engineer,9/23/2024,6/13/2024,
77,ksail24,mtosh24@instagram.com,cR9+u26A?E,Architect,7/9/2024,11/15/2024,
78,dridger25,tgeram25@parallels.com,uW0<F#nq%nI\)E`Z,Project Manager,2/21/2025,3/29/2025,
79,jmarieton26,etabart26@weebly.com,mJ3!)wKJq~kz,Engineer,9/30/2024,2/16/2025,
80,cwalas27,sbailess27@freewebs.com,nX7`fD80,Construction Manager,3/17/2025,3/24/2025,
81,ssweetenham28,bjunkison28@wunderground.com,lU3$ti$UmASm#,Engineer,3/11/2025,12/1/2024,
82,mkibbe29,kklyn29@indiegogo.com,tB5_9jCyRIpb2GD8,Engineer,9/5/2024,6/8/2024,
83,tsparks2a,cbyrkmyr2a@infoseek.co.jp,tZ9`OkJ$,Engineer,6/28/2024,9/8/2024,
84,pdragge2b,lblampy2b@ezinearticles.com,aP3=8UqVn,Supervisor,5/12/2024,5/4/2024,
85,hskalls2c,amedley2c@examiner.com,"zX8!N,w$C)",Electrician,2/21/2025,2/17/2025,
86,clambrick2d,fparkman2d@w3.org,xJ5&IFer,Construction Manager,5/2/2024,4/19/2024,
87,zextal2e,mocrigane2e@prlog.org,"bB3&?lx""du?S\gR",Estimator,2/25/2025,10/8/2024,
88,rprin2f,hodoohaine2f@economist.com,"kZ8,i`@A)?e",Subcontractor,2/17/2025,5/29/2024,
89,edugald2g,cglyne2g@thetimes.co.uk,uP0(ul}tr,Construction Worker,8/25/2024,8/29/2024,
90,lholbury2h,pivankin2h@paginegialle.it,"dC4=nLP,Ko",Electrician,12/9/2024,1/3/2025,
91,kfiddymont2i,rbenedek2i@dailymotion.com,aV2%#GHX1<ZpNuM,Supervisor,12/15/2024,9/3/2024,
92,gjendrusch2j,cchurchill2j@issuu.com,nT4{nqqT.d},Construction Foreman,8/9/2024,7/5/2024,
93,dbrecon2k,fwillcocks2k@unicef.org,"nR7~""NEF",Construction Manager,4/17/2024,8/10/2024,
94,mmcdermid2l,csobczak2l@youtu.be,rP7\.=j14x(z2r%,Electrician,2/11/2025,11/1/2024,
95,kfinlow2m,lcasewell2m@ehow.com,eN0'/DO~~,Construction Manager,7/20/2024,5/26/2024,
96,vprahl2n,jjados2n@skyrock.com,yE4!FzDvE,Architect,7/18/2024,8/28/2024,
97,adyball2o,rhailston2o@ebay.com,eP0/)n98!uq,Construction Worker,8/6/2024,5/14/2024,
98,clanghor2p,bcovelle2p@aboutads.info,"pL2%7E<UsXse&M%""",Construction Worker,8/28/2024,5/23/2024,
99,cvoden2q,rdudley2q@wufoo.com,cT0`P4)A)}m,Construction Manager,12/1/2024,6/14/2024,
100,lretallick2r,fmaun2r@nymag.com,qS6|T+$6<kg,Surveyor,3/13/2025,3/25/2025,
,,,,,,,
,,,,,,,
,,,,,,,
,,,,,,,
,,,,,,,
,,,,,,,
,,,,,,,
,,,,,,,
,,,,,,,
,,,,,,,
,,,,,,,
,,,,,,,
,,,,,,,
,,,,,,,
,,,,,,,
,,,,,,,
,,,,,,,
,,,,,,,
,,,,,,,
,,,,,,,
,,,,,,,
,,,,,,,
,,,,,,,
,,,,,,,
,,,,,,,
,,,,,,,
,,,,,,,
,,,,,,,
,,,,,,,
,,,,,,,
,,,,,,,
,,,,,,,
,,,,,,,
,,,,,,,
,,,,,,,
,,,,,,,
,,,,,,,
,,,,,,,
,,,,,,,
,,,,,,,
,,,,,,,
,,,,,,,
,,,,,,,
,,,,,,,
,,,,,,,
,,,,,,,
,,,,,,,
,,,,,,,
,,,,,,,
,,,,,,,
,,,,,,,
,,,,,,,
,,,,,,,
,,,,,,,
,,,,,,,
,,,,,,,
,,,,,,,
,,,,,,,
,,,,,,,
,,,,,,,
,,,,,,,
,,,,,,,
,,,,,,,
,,,,,,,
,,,,,,,
,,,,,,,
,,,,,,,
,,,,,,,
,,,,,,,
,,,,,,,
,,,,,,,
,,,,,,,
,,,,,,,
,,,,,,,
,,,,,,,
,,,,,,,
,,,,,,,
,,,,,,,
,,,,,,,
,,,,,,,
,,,,,,,
,,,,,,,
,,,,,,,
,,,,,,,
,,,,,,,
,,,,,,,
,,,,,,,
,,,,,,,
,,,,,,,
,,,,,,,
,,,,,,,
,,,,,,,
,,,,,,,
,,,,,,,
,,,,,,,
,,,,,,,
,,,,,,,
,,,,,,,
,,,,,,,
,,,,,,,
,,,,,,,
,,,,,,,
,,,,,,,
,,,,,,,
,,,,,,,
,,,,,,,
,,,,,,,
,,,,,,,
,,,,,,,
,,,,,,,
,,,,,,,
,,,,,,,
,,,,,,,
,,,,,,,
,,,,,,,
,,,,,,,
,,,,,,,
,,,,,,,
,,,,,,,
,,,,,,,
,,,,,,,
,,,,,,,
,,,,,,,
,,,,,,,
,,,,,,,
,,,,,,,
,,,,,,,
,,,,,,,
,,,,,,,
,,,,,,,
,,,,,,,
,,,,,,,
,,,,,,,
,,,,,,,
,,,,,,,
,,,,,,,
,,,,,,,
,,,,,,,
,,,,,,,
,,,,,,,
,,,,,,,
,,,,,,,
,,,,,,,
,,,,,,,
,,,,,,,
,,,,,,,
,,,,,,,
,,,,,,,
,,,,,,,
,,,,,,,
,,,,,,,
,,,,,,,
,,,,,,,
,,,,,,,
,,,,,,,
,,,,,,,
,,,,,,,
,,,,,,,
,,,,,,,
,,,,,,,
,,,,,,,
,,,,,,,
,,,,,,,
,,,,,,,
,,,,,,,
,,,,,,,
,,,,,,,
,,,,,,,
,,,,,,,
,,,,,,,
,,,,,,,
,,,,,,,
,,,,,,,
,,,,,,,
,,,,,,,
,,,,,,,
,,,,,,,
,,,,,,,
,,,,,,,
,,,,,,,
,,,,,,,
,,,,,,,
,,,,,,,
,,,,,,,
,,,,,,,
,,,,,,,
,,,,,,,
,,,,,,,
,,,,,,,
,,,,,,,
,,,,,,,
,,,,,,,
,,,,,,,
,,,,,,,
,,,,,,,
,,,,,,,
,,,,,,,
,,,,,,,
,,,,,,,
,,,,,,,
,,,,,,,
,,,,,,,
,,,,,,,
,,,,,,,
,,,,,,,
,,,,,,,
,,,,,,,
,,,,,,,
,,,,,,,
,,,,,,,
,,,,,,,
,,,,,,,
,,,,,,,
,,,,,,,
,,,,,,,
,,,,,,,
,,,,,,,
,,,,,,,
,,,,,,,
,,,,,,,
,,,,,,,
,,,,,,,
,,,,,,,
,,,,,,,
,,,,,,,
,,,,,,,
,,,,,,,
,,,,,,,
,,,,,,,
,,,,,,,
,,,,,,,
,,,,,,,
,,,,,,,
,,,,,,,
,,,,,,,
,,,,,,,
,,,,,,,
,,,,,,,
,,,,,,,
,,,,,,,
,,,,,,,
,,,,,,,
,,,,,,,
,,,,,,,
,,,,,,,
,,,,,,,
,,,,,,,
,,,,,,,
,,,,,,,
,,,,,,,
,,,,,,,
,,,,,,,
,,,,,,,
,,,,,,,
,,,,,,,
,,,,,,,
,,,,,,,
,,,,,,,
,,,,,,,
,,,,,,,
,,,,,,,
,,,,,,,
,,,,,,,
,,,,,,,
,,,,,,,
,,,,,,,
,,,,,,,
,,,,,,,
,,,,,,,
,,,,,,,
,,,,,,,
,,,,,,,
,,,,,,,
,,,,,,,
,,,,,,,
,,,,,,,
,,,,,,,
,,,,,,,
,,,,,,,
,,,,,,,
,,,,,,,
,,,,,,,
,,,,,,,
,,,,,,,
,,,,,,,
,,,,,,,
,,,,,,,
,,,,,,,
,,,,,,,
,,,,,,,
,,,,,,,
,,,,,,,
,,,,,,,
,,,,,,,
,,,,,,,
,,,,,,,
,,,,,,,
,,,,,,,
,,,,,,,
,,,,,,,
,,,,,,,
,,,,,,,
,,,,,,,
,,,,,,,
,,,,,,,
,,,,,,,
,,,,,,,
,,,,,,,
,,,,,,,
,,,,,,,
,,,,,,,
,,,,,,,
,,,,,,,
,,,,,,,
,,,,,,,
,,,,,,,
,,,,,,,
,,,,,,,
,,,,,,,
,,,,,,,
,,,,,,,
,,,,,,,
,,,,,,,
,,,,,,,
,,,,,,,
,,,,,,,
,,,,,,,
,,,,,,,
,,,,,,,
,,,,,,,
,,,,,,,
,,,,,,,
,,,,,,,
,,,,,,,
,,,,,,,
,,,,,,,
,,,,,,,
,,,,,,,
,,,,,,,
,,,,,,,
,,,,,,,
,,,,,,,
,,,,,,,
,,,,,,,
,,,,,,,
,,,,,,,
,,,,,,,
,,,,,,,
,,,,,,,
,,,,,,,
,,,,,,,
,,,,,,,
,,,,,,,
,,,,,,,
,,,,,,,
,,,,,,,
,,,,,,,
,,,,,,,
,,,,,,,
,,,,,,,
,,,,,,,
,,,,,,,
,,,,,,,
,,,,,,,
,,,,,,,
,,,,,,,
,,,,,,,
,,,,,,,
,,,,,,,
,,,,,,,
,,,,,,,
,,,,,,,
,,,,,,,
,,,,,,,
,,,,,,,
,,,,,,,
,,,,,,,
,,,,,,,
,,,,,,,
,,,,,,,
,,,,,,,
,,,,,,,
,,,,,,,
,,,,,,,
,,,,,,,
,,,,,,,
,,,,,,,
,,,,,,,
,,,,,,,
,,,,,,,
,,,,,,,
,,,,,,,
,,,,,,,
,,,,,,,
,,,,,,,
,,,,,,,
,,,,,,,
,,,,,,,
,,,,,,,
,,,,,,,
,,,,,,,
,,,,,,,
,,,,,,,
,,,,,,,
,,,,,,,
,,,,,,,
,,,,,,,
,,,,,,,
,,,,,,,
,,,,,,,
,,,,,,,
,,,,,,,
,,,,,,,
,,,,,,,
,,,,,,,
,,,,,,,
,,,,,,,
,,,,,,,
,,,,,,,
,,,,,,,
,,,,,,,
,,,,,,,
,,,,,,,
,,,,,,,
,,,,,,,
,,,,,,,
,,,,,,,
,,,,,,,
,,,,,,,
,,,,,,,
,,,,,,,
,,,,,,,
,,,,,,,
,,,,,,,
,,,,,,,
,,,,,,,
,,,,,,,
,,,,,,,
,,,,,,,
,,,,,,,
,,,,,,,
,,,,,,,
,,,,,,,
,,,,,,,
,,,,,,,
,,,,,,,
,,,,,,,
,,,,,,,
,,,,,,,
,,,,,,,
,,,,,,,
,,,,,,,
,,,,,,,
,,,,,,,
,,,,,,,
,,,,,,,
,,,,,,,
,,,,,,,
,,,,,,,
,,,,,,,
,,,,,,,
,,,,,,,
,,,,,,,
,,,,,,,
,,,,,,,
,,,,,,,
,,,,,,,
,,,,,,,
,,,,,,,
,,,,,,,
,,,,,,,
,,,,,,,
,,,,,,,
,,,,,,,
,,,,,,,
,,,,,,,
,,,,,,,
,,,,,,,
,,,,,,,
,,,,,,,
,,,,,,,
,,,,,,,
,,,,,,,
,,,,,,,
,,,,,,,
,,,,,,,
,,,,,,,
,,,,,,,
,,,,,,,
,,,,,,,
,,,,,,,
,,,,,,,
,,,,,,,
,,,,,,,
,,,,,,,
,,,,,,,
,,,,,,,
,,,,,,,
,,,,,,,
,,,,,,,
,,,,,,,
,,,,,,,
,,,,,,,
,,,,,,,
,,,,,,,
,,,,,,,
,,,,,,,
,,,,,,,
,,,,,,,
,,,,,,,
,,,,,,,
,,,,,,,
,,,,,,,
,,,,,,,
,,,,,,,
,,,,,,,
,,,,,,,
,,,,,,,
,,,,,,,
,,,,,,,
,,,,,,,
,,,,,,,
,,,,,,,
,,,,,,,
,,,,,,,
,,,,,,,
,,,,,,,
,,,,,,,
,,,,,,,
,,,,,,,
,,,,,,,
,,,,,,,
,,,,,,,
,,,,,,,
,,,,,,,
,,,,,,,
,,,,,,,
,,,,,,,
,,,,,,,
,,,,,,,
,,,,,,,
,,,,,,,
,,,,,,,
,,,,,,,
,,,,,,,
,,,,,,,
,,,,,,,
,,,,,,,
,,,,,,,
,,,,,,,
,,,,,,,
,,,,,,,
,,,,,,,
,,,,,,,
,,,,,,,
,,,,,,,
,,,,,,,
,,,,,,,
,,,,,,,
,,,,,,,
,,,,,,,
,,,,,,,
,,,,,,,
,,,,,,,
,,,,,,,
,,,,,,,
,,,,,,,
,,,,,,,
,,,,,,,
,,,,,,,
,,,,,,,
,,,,,,,
,,,,,,,
,,,,,,,
,,,,,,,
,,,,,,,
,,,,,,,
,,,,,,,
,,,,,,,
,,,,,,,
,,,,,,,
,,,,,,,
,,,,,,,
,,,,,,,
,,,,,,,
,,,,,,,
,,,,,,,
,,,,,,,
,,,,,,,
,,,,,,,
,,,,,,,
,,,,,,,
,,,,,,,
,,,,,,,
,,,,,,,
,,,,,,,
,,,,,,,
,,,,,,,
,,,,,,,
,,,,,,,
,,,,,,,
,,,,,,,
,,,,,,,
,,,,,,,
,,,,,,,
,,,,,,,
,,,,,,,
,,,,,,,
,,,,,,,
,,,,,,,
,,,,,,,
,,,,,,,
,,,,,,,
,,,,,,,
,,,,,,,
,,,,,,,
,,,,,,,
,,,,,,,
,,,,,,,
,,,,,,,
,,,,,,,
,,,,,,,
,,,,,,,
,,,,,,,
,,,,,,,
,,,,,,,
,,,,,,,
,,,,,,,
,,,,,,,
,,,,,,,
,,,,,,,
,,,,,,,
,,,,,,,
,,,,,,,
,,,,,,,
,,,,,,,
,,,,,,,
,,,,,,,
,,,,,,,
,,,,,,,
,,,,,,,
,,,,,,,
,,,,,,,
,,,,,,,
,,,,,,,
,,,,,,,
,,,,,,,
,,,,,,,
,,,,,,,
,,,,,,,
,,,,,,,
,,,,,,,
,,,,,,,
,,,,,,,
,,,,,,,
,,,,,,,
,,,,,,,
,,,,,,,
,,,,,,,
,,,,,,,
,,,,,,,
,,,,,,,
,,,,,,,
,,,,,,,
,,,,,,,
,,,,,,,
,,,,,,,
,,,,,,,
,,,,,,,
,,,,,,,
,,,,,,,
,,,,,,,
,,,,,,,
,,,,,,,
,,,,,,,
,,,,,,,
,,,,,,,
,,,,,,,
,,,,,,,
,,,,,,,
,,,,,,,
,,,,,,,
,,,,,,,
,,,,,,,
,,,,,,,
,,,,,,,
,,,,,,,
,,,,,,,
,,,,,,,
,,,,,,,
,,,,,,,
,,,,,,,
,,,,,,,
,,,,,,,
,,,,,,,
,,,,,,,
,,,,,,,
,,,,,,,
,,,,,,,
,,,,,,,
,,,,,,,
,,,,,,,
,,,,,,,
,,,,,,,
,,,,,,,
,,,,,,,
,,,,,,,
,,,,,,,
,,,,,,,
,,,,,,,
,,,,,,,
,,,,,,,
,,,,,,,
,,,,,,,
,,,,,,,
,,,,,,,
,,,,,,,
,,,,,,,
,,,,,,,
,,,,,,,
,,,,,,,
,,,,,,,
,,,,,,,
,,,,,,,
,,,,,,,
,,,,,,,
,,,,,,,
,,,,,,,
,,,,,,,
,,,,,,,
,,,,,,,
,,,,,,,
,,,,,,,
,,,,,,,
,,,,,,,
,,,,,,,
,,,,,,,
,,,,,,,
,,,,,,,
,,,,,,,
,,,,,,,
,,,,,,,
,,,,,,,
,,,,,,,
,,,,,,,
,,,,,,,
,,,,,,,
,,,,,,,
,,,,,,,
,,,,,,,
,,,,,,,
,,,,,,,
,,,,,,,
,,,,,,,
,,,,,,,
,,,,,,,
,,,,,,,
,,,,,,,
,,,,,,,
,,,,,,,
,,,,,,,
,,,,,,,
,,,,,,,
,,,,,,,
,,,,,,,
,,,,,,,
,,,,,,,
,,,,,,,
,,,,,,,
,,,,,,,
,,,,,,,
,,,,,,,
,,,,,,,
,,,,,,,
,,,,,,,
,,,,,,,
,,,,,,,
,,,,,,,
,,,,,,,
,,,,,,,
,,,,,,,
,,,,,,,
,,,,,,,
,,,,,,,
,,,,,,,
,,,,,,,
,,,,,,,
,,,,,,,
,,,,,,,
,,,,,,,
,,,,,,,
,,,,,,,
,,,,,,,
,,,,,,,
,,,,,,,
,,,,,,,
,,,,,,,
,,,,,,,
,,,,,,,
,,,,,,,
,,,,,,,
,,,,,,,
,,,,,,,
,,,,,,,
,,,,,,,
,,,,,,,
,,,,,,,
,,,,,,,
,,,,,,,
,,,,,,,
,,,,,,,
,,,,,,,
,,,,,,,
,,,,,,,
,,,,,,,
,,,,,,,
,,,,,,,
,,,,,,,
,,,,,,,
,,,,,,,
,,,,,,,
,,,,,,,
,,,,,,,
,,,,,,,
,,,,,,,
,,,,,,,
,,,,,,,
,,,,,,,
,,,,,,,
,,,,,,,
,,,,,,,
,,,,,,,
,,,,,,,
,,,,,,,
,,,,,,,
,,,,,,,
,,,,,,,
,,,,,,,
,,,,,,,
,,,,,,,
,,,,,,,
,,,,,,,
,,,,,,,
,,,,,,,
,,,,,,,
,,,,,,,
,,,,,,,
,,,,,,,
,,,,,,,
,,,,,,,
,,,,,,,
,,,,,,,
,,,,,,,
,,,,,,,
,,,,,,,
,,,,,,,
,,,,,,,
,,,,,,,
,,,,,,,
,,,,,,,
,,,,,,,
,,,,,,,
,,,,,,,
,,,,,,,
,,,,,,,
,,,,,,,
,,,,,,,
,,,,,,,
,,,,,,,
,,,,,,,
,,,,,,,
,,,,,,,
,,,,,,,
,,,,,,,
,,,,,,,
,,,,,,,
,,,,,,,
,,,,,,,
,,,,,,,
,,,,,,,
,,,,,,,
,,,,,,,
,,,,,,,
,,,,,,,
,,,,,,,
,,,,,,,
,,,,,,,
,,,,,,,
,,,,,,,
,,,,,,,
,,,,,,,
,,,,,,,
,,,,,,,
,,,,,,,
,,,,,,,
,,,,,,,
,,,,,,,
,,,,,,,
,,,,,,,
,,,,,,,
